scene,transform_family,random_seed,left_keypoints,right_keypoints,raw_knn_matches,ratio_test_matches,repeatable_matches,repeatability,repeatability_proxy,homography_threshold_px,transform_params_json
artroom1,intensity,3235362879,800,800,800,676,665,0.831250,0.831250,4.00,"{""alpha"": 0.8093113506001378, ""beta"": 24.797631190054, ""blur_kernel"": 0, ""family"": ""intensity"", ""gamma"": 1.2365876269806977, ""noise_sigma"": 3.467973831687405}"
artroom2,affine,433643143,800,800,800,594,554,0.692500,0.692500,4.00,"{""angle_deg"": -0.1841102493535658, ""family"": ""affine"", ""scale"": 1.0297479736633646, ""shear_x"": -0.049156794897944174, ""shear_y"": -0.010906687134852057, ""tx_px"": -88.03560405482781, ""ty_px"": 52.13433559061719}"
bandsaw1,intensity,3015410900,800,800,800,559,505,0.631250,0.631250,4.00,"{""alpha"": 0.9432689726020492, ""beta"": 17.129079390331327, ""blur_kernel"": 5, ""family"": ""intensity"", ""gamma"": 0.8412229485023491, ""noise_sigma"": 4.235891062661166}"
bandsaw2,rotation,4189640048,800,800,800,501,396,0.495000,0.495000,4.00,"{""angle_deg"": 8.145683484994326, ""family"": ""rotation"", ""scale"": 1.0620482094886612, ""tx_px"": -12.602600398985, ""ty_px"": 26.173946518277212}"
chess1,intensity,1128412298,800,800,800,535,496,0.620000,0.620000,4.00,"{""alpha"": 1.0943437099460636, ""beta"": -27.33946388820528, ""blur_kernel"": 5, ""family"": ""intensity"", ""gamma"": 1.279547894299948, ""noise_sigma"": 3.1358751849171655}"
chess2,intensity,4252328372,800,800,800,573,549,0.686250,0.686250,4.00,"{""alpha"": 1.059614770154993, ""beta"": 16.023504040848728, ""blur_kernel"": 5, ""family"": ""intensity"", ""gamma"": 1.0354714627526034, ""noise_sigma"": 1.1199318428820808}"
chess3,affine,1484047714,800,800,800,556,504,0.630000,0.630000,4.00,"{""angle_deg"": -7.487513473724327, ""family"": ""affine"", ""scale"": 0.9750404779255496, ""shear_x"": 0.04656626101110234, ""shear_y"": 0.011753749886444509, ""tx_px"": 81.45096219555828, ""ty_px"": -9.03687995107891}"
curule1,rotation,1590373203,800,800,800,480,441,0.551250,0.551250,4.00,"{""angle_deg"": 12.178745578166424, ""family"": ""rotation"", ""scale"": 0.8788304329692622, ""tx_px"": 29.783295771941678, ""ty_px"": -32.124405592242134}"
curule2,rotation,2063631961,800,800,800,510,474,0.592500,0.592500,4.00,"{""angle_deg"": 20.161579376751515, ""family"": ""rotation"", ""scale"": 1.1079498574982964, ""tx_px"": -52.35389713973613, ""ty_px"": -18.82808663760427}"
curule3,rotation,744256530,800,800,800,478,442,0.552500,0.552500,4.00,"{""angle_deg"": 19.794138668062587, ""family"": ""rotation"", ""scale"": 0.9006319327713384, ""tx_px"": -33.88626882438403, ""ty_px"": -16.729271162476483}"
ladder1,rotation,1667624484,800,800,800,510,478,0.597500,0.597500,4.00,"{""angle_deg"": 16.923289388660013, ""family"": ""rotation"", ""scale"": 1.0406478799157224, ""tx_px"": -0.8267731177740124, ""ty_px"": 0.445993257275758}"
ladder2,intensity,1419458803,800,800,800,608,582,0.727500,0.727500,4.00,"{""alpha"": 1.1635726216644684, ""beta"": -26.70901880872932, ""blur_kernel"": 0, ""family"": ""intensity"", ""gamma"": 1.2198777993837528, ""noise_sigma"": 6.56821176131887}"
octogons1,affine,645310058,800,800,800,430,378,0.472500,0.472500,4.00,"{""angle_deg"": -10.559788635259132, ""family"": ""affine"", ""scale"": 0.9383506091569386, ""shear_x"": 0.06773598713875875, ""shear_y"": 0.03737086349355295, ""tx_px"": -58.57923813964135, ""ty_px"": 18.018052800167702}"
octogons2,affine,1085271012,800,800,800,466,419,0.523750,0.523750,4.00,"{""angle_deg"": -10.879031894206683, ""family"": ""affine"", ""scale"": 0.9539338057706143, ""shear_x"": 0.0383651248647045, ""shear_y"": 0.020619796131115854, ""tx_px"": -45.27466589144356, ""ty_px"": 60.6711972098692}"
pendulum1,intensity,1475922713,800,800,800,679,662,0.827500,0.827500,4.00,"{""alpha"": 1.1513952569681576, ""beta"": -10.521408853670565, ""blur_kernel"": 0, ""family"": ""intensity"", ""gamma"": 1.103437193883892, ""noise_sigma"": 6.314863512517512}"
pendulum2,affine,901365129,800,800,800,499,431,0.538750,0.538750,4.00,"{""angle_deg"": 14.382450296982093, ""family"": ""affine"", ""scale"": 1.09720689061348, ""shear_x"": 0.06821690073099053, ""shear_y"": -0.02214598383831622, ""tx_px"": 17.76116638894108, ""ty_px"": 5.971776291999333}"
podium1,affine,2904095524,504,510,504,312,260,0.515873,0.515873,4.00,"{""angle_deg"": -13.04087804604713, ""family"": ""affine"", ""scale"": 1.1056713195306962, ""shear_x"": 0.0669336472311453, ""shear_y"": 0.025500947603999714, ""tx_px"": -17.309636094021844, ""ty_px"": -54.666671148412}"
skates1,rotation,1551728322,800,800,800,418,382,0.477500,0.477500,4.00,"{""angle_deg"": -26.201681664347497, ""family"": ""rotation"", ""scale"": 0.9402755566810976, ""tx_px"": 17.23200543065037, ""ty_px"": 30.34315465447134}"
skates2,affine,2124462378,800,800,800,495,448,0.560000,0.560000,4.00,"{""angle_deg"": -1.2700333823291565, ""family"": ""affine"", ""scale"": 1.0895685217394082, ""shear_x"": 0.06915059531805115, ""shear_y"": -0.021343078070504153, ""tx_px"": 68.69725453703118, ""ty_px"": 4.753849419781174}"
skiboots1,intensity,1151138684,800,800,800,522,495,0.618750,0.618750,4.00,"{""alpha"": 1.3298013565172575, ""beta"": -10.910113274511275, ""blur_kernel"": 5, ""family"": ""intensity"", ""gamma"": 0.8185696283455595, ""noise_sigma"": 5.973319825762163}"
skiboots2,affine,1881787004,800,800,800,593,538,0.672500,0.672500,4.00,"{""angle_deg"": -9.65972803406881, ""family"": ""affine"", ""scale"": 0.9775434124980691, ""shear_x"": 0.024546757981881412, ""shear_y"": -0.00657810318503933, ""tx_px"": -61.04862138976987, ""ty_px"": -60.48216262803921}"
skiboots3,intensity,2269507684,800,800,800,690,670,0.837500,0.837500,4.00,"{""alpha"": 1.1915171126680457, ""beta"": -18.13386970664685, ""blur_kernel"": 0, ""family"": ""intensity"", ""gamma"": 0.8778050324521526, ""noise_sigma"": 2.4307923089544063}"
traproom1,rotation,2005179427,800,800,800,469,419,0.523750,0.523750,4.00,"{""angle_deg"": 4.222160111371579, ""family"": ""rotation"", ""scale"": 1.0891223096275169, ""tx_px"": -18.9098573889982, ""ty_px"": 15.82275978305564}"
traproom2,rotation,3846313633,800,800,800,480,404,0.505000,0.505000,4.00,"{""angle_deg"": -9.079748849412328, ""family"": ""rotation"", ""scale"": 1.1635580004408366, ""tx_px"": 0.05140172989351583, ""ty_px"": -15.201689613880133}"
